ID,Name,Description,ColumnSpec,Nexus_File,Concepticon_ID,Concepticon_Gloss
1,ALL_A,,,data,98,ALL
2,ALL_B,,,data,98,ALL
3,ALL_C,,,data,98,ALL
4,ALL_D,,,data,98,ALL
5,ASHES_A,,,data,646,ASH
6,ASHES_B,,,data,646,ASH
7,ASHES_C,,,data,646,ASH
8,ASHES_D,,,data,646,ASH
9,ASHES_E,,,data,646,ASH
10,ASHES_F,,,data,646,ASH
11,ASHES_G,,,data,646,ASH
12,ASHES_H,,,data,646,ASH
13,BARKTREE_A,,,data,1204,BARK
14,BARKTREE_B,,,data,1204,BARK
15,BARKTREE_C,,,data,1204,BARK
16,BARKTREE_D,,,data,1204,BARK
17,BARKTREE_E,,,data,1204,BARK
18,BARKTREE_F,,,data,1204,BARK
19,BARKTREE_G,,,data,1204,BARK
20,BARKTREE_H,,,data,1204,BARK
21,BARKTREE_I,,,data,1204,BARK
22,BARKTREE_J,,,data,1204,BARK
23,BARKTREE_K,,,data,1204,BARK
24,BELLY_A,,,data,1251,BELLY
25,BELLY_B,,,data,1251,BELLY
26,BELLY_C,,,data,1251,BELLY
27,BELLY_D,,,data,1251,BELLY
28,BELLY_E,,,data,1251,BELLY
29,BELLY_F,,,data,1251,BELLY
30,BELLY_G,,,data,1251,BELLY
31,BELLY_H,,,data,1251,BELLY
32,BELLY_I,,,data,1251,BELLY
33,BELLY_J,,,data,1251,BELLY
34,BIG_A,,,data,1202,BIG
35,BIG_B,,,data,1202,BIG
36,BIG_C,,,data,1202,BIG
37,BIG_D,,,data,1202,BIG
38,BIG_E,,,data,1202,BIG
39,BIG_F,,,data,1202,BIG
40,BIG_G,,,data,1202,BIG
41,BIG_H,,,data,1202,BIG
42,BIG_I,,,data,1202,BIG
43,BIG_J,,,data,1202,BIG
44,BIG_K,,,data,1202,BIG
45,BIG_L,,,data,1202,BIG
46,BIG_M,,,data,1202,BIG
47,BIG_N,,,data,1202,BIG
48,BIG_O,,,data,1202,BIG
49,BIG_P,,,data,1202,BIG
50,BIG_Q,,,data,1202,BIG
51,BIRD_A,,,data,937,BIRD
52,BIRD_B,,,data,937,BIRD
53,BIRD_C,,,data,937,BIRD
54,BIRD_D,,,data,937,BIRD
55,BIRD_E,,,data,937,BIRD
56,BIRD_F,,,data,937,BIRD
57,BIRD_G,,,data,937,BIRD
58,BITEV._A,,,data,1403,BITE
59,BITEV._B,,,data,1403,BITE
60,BITEV._C,,,data,1403,BITE
61,BITEV._D,,,data,1403,BITE
62,BITEV._E,,,data,1403,BITE
63,BITEV._F,,,data,1403,BITE
64,BITEV._G,,,data,1403,BITE
65,BLACK_A,,,data,163,BLACK
66,BLACK_B,,,data,163,BLACK
67,BLACK_C,,,data,163,BLACK
68,BLACK_D,,,data,163,BLACK
69,BLACK_E,,,data,163,BLACK
70,BLACK_F,,,data,163,BLACK
71,BLACK_G,,,data,163,BLACK
72,BLACK_H,,,data,163,BLACK
73,BLACK_I,,,data,163,BLACK
74,BLACK_J,,,data,163,BLACK
75,BLACK_K,,,data,163,BLACK
76,BLACK_L,,,data,163,BLACK
77,BLOOD_A,,,data,946,BLOOD
78,BLOOD_B,,,data,946,BLOOD
79,BLOOD_C,,,data,946,BLOOD
80,BONE_A,,,data,1394,BONE
81,BONE_B,,,data,1394,BONE
82,BONE_C,,,data,1394,BONE
83,BONE_D,,,data,1394,BONE
84,BONE_E,,,data,1394,BONE
85,BONE_F,,,data,1394,BONE
86,BREAST_A,,,data,1402,BREAST
87,BREAST_B,,,data,1402,BREAST
88,BREAST_C,,,data,1402,BREAST
89,BREAST_D,,,data,1402,BREAST
90,BREAST_E,,,data,1402,BREAST
91,BREAST_F,,,data,1402,BREAST
92,BURNTR.V._A,,,data,141,BURN (SOMETHING)
93,BURNTR.V._B,,,data,141,BURN (SOMETHING)
94,BURNTR.V._C,,,data,141,BURN (SOMETHING)
95,BURNTR.V._D,,,data,141,BURN (SOMETHING)
96,BURNTR.V._E,,,data,141,BURN (SOMETHING)
97,BURNTR.V._F,,,data,141,BURN (SOMETHING)
98,BURNTR.V._G,,,data,141,BURN (SOMETHING)
99,BURNTR.V._H,,,data,141,BURN (SOMETHING)
100,BURNTR.V._I,,,data,141,BURN (SOMETHING)
101,BURNTR.V._J,,,data,141,BURN (SOMETHING)
102,CLOUD_A,,,data,1489,CLOUD
103,CLOUD_B,,,data,1489,CLOUD
104,CLOUD_C,,,data,1489,CLOUD
105,CLOUD_D,,,data,1489,CLOUD
106,CLOUD_E,,,data,1489,CLOUD
107,COLDOFAIR_A,,,data,1287,COLD
108,COLDOFAIR_B,,,data,1287,COLD
109,COLDOFAIR_C,,,data,1287,COLD
110,COLDOFAIR_D,,,data,1287,COLD
111,COLDOFAIR_E,,,data,1287,COLD
112,COLDOFAIR_F,,,data,1287,COLD
113,COLDOFAIR_G,,,data,1287,COLD
114,COME_A,,,data,1446,COME
115,COME_B,,,data,1446,COME
116,COME_C,,,data,1446,COME
117,COME_D,,,data,1446,COME
118,COME_E,,,data,1446,COME
119,COME_F,,,data,1446,COME
120,COME_G,,,data,1446,COME
121,COME_H,,,data,1446,COME
122,COME_I,,,data,1446,COME
123,COME_J,,,data,1446,COME
124,DIE_A,,,data,1494,DIE
125,DIE_B,,,data,1494,DIE
126,DIE_C,,,data,1494,DIE
127,DIE_D,,,data,1494,DIE
128,DOG_A,,,data,2009,DOG
129,DOG_B,,,data,2009,DOG
130,DOG_C,,,data,2009,DOG
131,DOG_D,,,data,2009,DOG
132,DRINKV._A,,,data,1401,DRINK
133,DRINKV._B,,,data,1401,DRINK
134,DRINKV._C,,,data,1401,DRINK
135,DRINKV._D,,,data,1401,DRINK
136,DRINKV._E,,,data,1401,DRINK
137,DRINKV._F,,,data,1401,DRINK
138,DRYADJ._A,,,data,1398,DRY
139,DRYADJ._B,,,data,1398,DRY
140,DRYADJ._C,,,data,1398,DRY
141,DRYADJ._D,,,data,1398,DRY
142,DRYADJ._E,,,data,1398,DRY
143,DRYADJ._F,,,data,1398,DRY
144,EAR_A,,,data,1247,EAR
145,EAR_B,,,data,1247,EAR
146,EAR_C,,,data,1247,EAR
147,EAR_D,,,data,1247,EAR
148,EAT_A,,,data,1336,EAT
149,EAT_B,,,data,1336,EAT
150,EAT_C,,,data,1336,EAT
151,EGG_A,,,data,744,EGG
152,EGG_B,,,data,744,EGG
153,EGG_C,,,data,744,EGG
154,EGG_D,,,data,744,EGG
155,EYE_A,,,data,1248,EYE
156,FAT_A,,,data,323,FAT (ORGANIC SUBSTANCE)
157,FAT_B,,,data,323,FAT (ORGANIC SUBSTANCE)
158,FAT_C,,,data,323,FAT (ORGANIC SUBSTANCE)
159,FAT_D,,,data,323,FAT (ORGANIC SUBSTANCE)
160,FAT_E,,,data,323,FAT (ORGANIC SUBSTANCE)
161,FAT_F,,,data,323,FAT (ORGANIC SUBSTANCE)
162,FAT_G,,,data,323,FAT (ORGANIC SUBSTANCE)
163,FAT_H,,,data,323,FAT (ORGANIC SUBSTANCE)
164,FAT_I,,,data,323,FAT (ORGANIC SUBSTANCE)
165,FAT_J,,,data,323,FAT (ORGANIC SUBSTANCE)
166,FIRE_A,,,data,221,FIRE
167,FIRE_B,,,data,221,FIRE
168,FIRE_C,,,data,221,FIRE
169,FIRE_D,,,data,221,FIRE
170,FIRE_E,,,data,221,FIRE
171,FIRE_F,,,data,221,FIRE
172,FISH_A,,,data,227,FISH
173,FISH_B,,,data,227,FISH
174,FISH_C,,,data,227,FISH
175,FISH_D,,,data,227,FISH
176,FISH_E,,,data,227,FISH
177,FISH_F,,,data,227,FISH
178,FLYN._A,,,data,1504,FLY (INSECT)
179,FLYN._B,,,data,1504,FLY (INSECT)
180,FLYN._C,,,data,1504,FLY (INSECT)
181,FLYN._D,,,data,1504,FLY (INSECT)
182,FLYN._E,,,data,1504,FLY (INSECT)
183,FLYN._F,,,data,1504,FLY (INSECT)
184,FLYN._G,,,data,1504,FLY (INSECT)
185,FLYN._H,,,data,1504,FLY (INSECT)
186,FLYN._I,,,data,1504,FLY (INSECT)
187,FOOT_A,,,data,1301,FOOT
188,FOOT_B,,,data,1301,FOOT
189,FOOT_C,,,data,1301,FOOT
190,FOOT_D,,,data,1301,FOOT
191,FOOT_E,,,data,1301,FOOT
192,FOOT_F,,,data,1301,FOOT
193,FOOT_G,,,data,1301,FOOT
194,FOOT_H,,,data,1301,FOOT
195,FOOT_I,,,data,1301,FOOT
196,FOOT_J,,,data,1301,FOOT
197,GIVE_A,,,data,1447,GIVE
198,GIVE_B,,,data,1447,GIVE
199,GIVE_C,,,data,1447,GIVE
200,GIVE_D,,,data,1447,GIVE
201,GIVE_E,,,data,1447,GIVE
202,GIVE_F,,,data,1447,GIVE
203,GIVE_G,,,data,1447,GIVE
204,GIVE_H,,,data,1447,GIVE
205,GIVE_I,,,data,1447,GIVE
206,GOOD_A,,,data,1035,GOOD
207,GOOD_B,,,data,1035,GOOD
208,GOOD_C,,,data,1035,GOOD
209,GOOD_D,,,data,1035,GOOD
210,GOOD_E,,,data,1035,GOOD
211,GOOD_F,,,data,1035,GOOD
212,GOOD_G,,,data,1035,GOOD
213,GOOD_H,,,data,1035,GOOD
214,GOOD_I,,,data,1035,GOOD
215,GOOD_J,,,data,1035,GOOD
216,GOOD_K,,,data,1035,GOOD
217,GOOD_L,,,data,1035,GOOD
218,GOOD_M,,,data,1035,GOOD
219,GOOD_N,,,data,1035,GOOD
220,GOOD_O,,,data,1035,GOOD
221,GOOD_P,,,data,1035,GOOD
222,GO_A,,,data,695,GO
223,GO_B,,,data,695,GO
224,GO_C,,,data,695,GO
225,GO_D,,,data,695,GO
226,GO_E,,,data,695,GO
227,GO_F,,,data,695,GO
228,GO_G,,,data,695,GO
229,GO_H,,,data,695,GO
230,GO_I,,,data,695,GO
231,GO_J,,,data,695,GO
232,GO_K,,,data,695,GO
233,GO_L,,,data,695,GO
234,GRASS_A,,,data,606,GRASS
235,GRASS_B,,,data,606,GRASS
236,GRASS_C,,,data,606,GRASS
237,GRASS_D,,,data,606,GRASS
238,GRASS_E,,,data,606,GRASS
239,GRASS_F,,,data,606,GRASS
240,GRASS_G,,,data,606,GRASS
241,GRASS_H,,,data,606,GRASS
242,GRASS_I,,,data,606,GRASS
243,GRASS_J,,,data,606,GRASS
244,HAIR_A,,,data,2648,HAIR (HEAD)
245,HAIR_B,,,data,2648,HAIR (HEAD)
246,HAIR_C,,,data,2648,HAIR (HEAD)
247,HAIR_D,,,data,2648,HAIR (HEAD)
248,HAIR_E,,,data,2648,HAIR (HEAD)
249,HAND_A,,,data,1277,HAND
250,HAND_B,,,data,1277,HAND
251,HAND_C,,,data,1277,HAND
252,HAND_D,,,data,1277,HAND
253,HAND_E,,,data,1277,HAND
254,HAND_F,,,data,1277,HAND
255,HEAD_A,,,data,1256,HEAD
256,HEAD_B,,,data,1256,HEAD
257,HEAD_C,,,data,1256,HEAD
258,HEAD_D,,,data,1256,HEAD
259,HEAD_E,,,data,1256,HEAD
260,HEART_A,,,data,1223,HEART
261,HEART_B,,,data,1223,HEART
262,HEART_C,,,data,1223,HEART
263,HEAR_A,,,data,1408,HEAR
264,HEAR_B,,,data,1408,HEAR
265,HORN_A,,,data,1393,HORN (ANATOMY)
266,I_A,,,data,1209,I
267,I_B,,,data,1209,I
268,I_C,,,data,1209,I
269,KILL_A,,,data,1417,KILL
270,KILL_B,,,data,1417,KILL
271,KILL_C,,,data,1417,KILL
272,KILL_D,,,data,1417,KILL
273,KILL_E,,,data,1417,KILL
274,KILL_F,,,data,1417,KILL
275,KNEEE_A,,,data,1371,KNEE
276,KNEEE_B,,,data,1371,KNEE
277,KNOW_A,,,data,3626,KNOW
278,KNOW_B,,,data,3626,KNOW
279,KNOW_C,,,data,3626,KNOW
280,KNOW_D,,,data,3626,KNOW
281,KNOW_E,,,data,3626,KNOW
282,KNOW_F,,,data,3626,KNOW
283,KNOW_G,,,data,3626,KNOW
284,KNOW_H,,,data,3626,KNOW
285,KNOW_I,,,data,3626,KNOW
286,KNOW_J,,,data,3626,KNOW
287,LEAF_A,,,data,628,LEAF
288,LEAF_B,,,data,628,LEAF
289,LEAF_C,,,data,628,LEAF
290,LEAF_D,,,data,628,LEAF
291,LEAF_E,,,data,628,LEAF
292,LEAF_F,,,data,628,LEAF
293,LEAF_G,,,data,628,LEAF
294,LEAF_H,,,data,628,LEAF
295,LEAF_I,,,data,628,LEAF
296,LIVER_A,,,data,1224,LIVER
297,LIVER_B,,,data,1224,LIVER
298,LIVER_C,,,data,1224,LIVER
299,LIVER_D,,,data,1224,LIVER
300,LONG_A,,,data,1203,LONG
301,LONG_B,,,data,1203,LONG
302,LONG_C,,,data,1203,LONG
303,LONG_D,,,data,1203,LONG
304,LONG_E,,,data,1203,LONG
305,LONG_F,,,data,1203,LONG
306,LONG_G,,,data,1203,LONG
307,LONG_H,,,data,1203,LONG
308,LOUSE_A,,,data,1392,LOUSE
309,LOUSE_B,,,data,1392,LOUSE
310,LOUSE_C,,,data,1392,LOUSE
311,MANY_A,,,data,1198,MANY
312,MANY_B,,,data,1198,MANY
313,MANY_C,,,data,1198,MANY
314,MANY_D,,,data,1198,MANY
315,MANY_E,,,data,1198,MANY
316,MANY_F,,,data,1198,MANY
317,MANY_G,,,data,1198,MANY
318,MANY_H,,,data,1198,MANY
319,MANY_I,,,data,1198,MANY
320,MANY_J,,,data,1198,MANY
321,MANY_K,,,data,1198,MANY
322,MANY_L,,,data,1198,MANY
323,MANY_M,,,data,1198,MANY
324,MAN_A,,,data,1554,MAN
325,MAN_B,,,data,1554,MAN
326,MAN_C,,,data,1554,MAN
327,MAN_D,,,data,1554,MAN
328,MAN_E,,,data,1554,MAN
329,MAN_F,,,data,1554,MAN
330,MAN_G,,,data,1554,MAN
331,MEAT_A,,,data,634,MEAT
332,MEAT_B,,,data,634,MEAT
333,MEAT_C,,,data,634,MEAT
334,MEAT_D,,,data,634,MEAT
335,MEAT_E,,,data,634,MEAT
336,MEAT_F,,,data,634,MEAT
337,MOON_A,,,data,1313,MOON
338,MOON_B,,,data,1313,MOON
339,MOON_C,,,data,1313,MOON
340,MOON_D,,,data,1313,MOON
341,MOON_E,,,data,1313,MOON
342,MOUNTAIN_A,,,data,639,MOUNTAIN
343,MOUNTAIN_B,,,data,639,MOUNTAIN
344,MOUNTAIN_C,,,data,639,MOUNTAIN
345,MOUNTAIN_D,,,data,639,MOUNTAIN
346,MOUNTAIN_E,,,data,639,MOUNTAIN
347,MOUNTAIN_F,,,data,639,MOUNTAIN
348,MOUNTAIN_G,,,data,639,MOUNTAIN
349,MOUNTAIN_H,,,data,639,MOUNTAIN
350,MOUNTAIN_I,,,data,639,MOUNTAIN
351,MOUNTAIN_J,,,data,639,MOUNTAIN
352,MOUNTAIN_K,,,data,639,MOUNTAIN
353,MOUNTAIN_L,,,data,639,MOUNTAIN
354,MOUNTAIN_M,,,data,639,MOUNTAIN
355,MOUTH_A,,,data,674,MOUTH
356,MOUTH_B,,,data,674,MOUTH
357,MOUTH_C,,,data,674,MOUTH
358,MOUTH_D,,,data,674,MOUTH
359,NAME_A,,,data,1405,NAME
360,NECK_A,,,data,1333,NECK
361,NECK_B,,,data,1333,NECK
362,NECK_C,,,data,1333,NECK
363,NECK_D,,,data,1333,NECK
364,NECK_E,,,data,1333,NECK
365,NECK_F,,,data,1333,NECK
366,NECK_G,,,data,1333,NECK
367,NECK_H,,,data,1333,NECK
368,NECK_I,,,data,1333,NECK
369,NEW_A,,,data,1231,NEW
370,NEW_B,,,data,1231,NEW
371,NEW_C,,,data,1231,NEW
372,NEW_D,,,data,1231,NEW
373,NEW_E,,,data,1231,NEW
374,NIGHT_A,,,data,1233,NIGHT
375,NIGHT_B,,,data,1233,NIGHT
376,NIGHT_C,,,data,1233,NIGHT
377,NIGHT_D,,,data,1233,NIGHT
378,NIGHT_E,,,data,1233,NIGHT
379,NIGHT_F,,,data,1233,NIGHT
380,NIGHT_G,,,data,1233,NIGHT
381,NOSE_A,,,data,1221,NOSE
382,NOSE_B,,,data,1221,NOSE
383,NOSE_C,,,data,1221,NOSE
384,NOSE_D,,,data,1221,NOSE
385,ONE_A,,,data,1493,ONE
386,ONE_B,,,data,1493,ONE
387,ONE_C,,,data,1493,ONE
388,ONE_D,,,data,1493,ONE
389,ONE_E,,,data,1493,ONE
390,RAINN._A,,,data,658,RAIN (PRECIPITATION)
391,RAINN._B,,,data,658,RAIN (PRECIPITATION)
392,RAINN._C,,,data,658,RAIN (PRECIPITATION)
393,RAINN._D,,,data,658,RAIN (PRECIPITATION)
394,RAINN._E,,,data,658,RAIN (PRECIPITATION)
395,RAINN._F,,,data,658,RAIN (PRECIPITATION)
396,RAINN._G,,,data,658,RAIN (PRECIPITATION)
397,RAINN._H,,,data,658,RAIN (PRECIPITATION)
398,RAINN._I,,,data,658,RAIN (PRECIPITATION)
399,RED_A,,,data,156,RED
400,RED_B,,,data,156,RED
401,RED_C,,,data,156,RED
402,RED_D,,,data,156,RED
403,RED_E,,,data,156,RED
404,RED_F,,,data,156,RED
405,RED_G,,,data,156,RED
406,ROAD_A,,,data,667,ROAD
407,ROAD_B,,,data,667,ROAD
408,ROAD_C,,,data,667,ROAD
409,ROAD_D,,,data,667,ROAD
410,ROAD_E,,,data,667,ROAD
411,ROAD_F,,,data,667,ROAD
412,ROAD_G,,,data,667,ROAD
413,ROAD_H,,,data,667,ROAD
414,ROAD_I,,,data,667,ROAD
415,ROAD_J,,,data,667,ROAD
416,ROAD_K,,,data,667,ROAD
417,ROAD_L,,,data,667,ROAD
418,ROAD_M,,,data,667,ROAD
419,ROAD_N,,,data,667,ROAD
420,ROOT_A,,,data,670,ROOT
421,ROOT_B,,,data,670,ROOT
422,ROOT_C,,,data,670,ROOT
423,ROOT_D,,,data,670,ROOT
424,ROOT_E,,,data,670,ROOT
425,ROOT_F,,,data,670,ROOT
426,ROOT_G,,,data,670,ROOT
427,ROOT_H,,,data,670,ROOT
428,SAND_A,,,data,671,SAND
429,SAND_B,,,data,671,SAND
430,SAND_C,,,data,671,SAND
431,SAND_D,,,data,671,SAND
432,SAND_E,,,data,671,SAND
433,SAND_F,,,data,671,SAND
434,SAND_G,,,data,671,SAND
435,SAND_H,,,data,671,SAND
436,SAND_I,,,data,671,SAND
437,SAND_J,,,data,671,SAND
438,SAY_A,,,data,1458,SAY
439,SAY_B,,,data,1458,SAY
440,SAY_C,,,data,1458,SAY
441,SAY_D,,,data,1458,SAY
442,SAY_E,,,data,1458,SAY
443,SAY_F,,,data,1458,SAY
444,SAY_G,,,data,1458,SAY
445,SAY_H,,,data,1458,SAY
446,SEED_A,,,data,714,SEED
447,SEED_B,,,data,714,SEED
448,SEED_C,,,data,714,SEED
449,SEED_D,,,data,714,SEED
450,SEE_A,,,data,1409,SEE
451,SEE_B,,,data,1409,SEE
452,SEE_C,,,data,1409,SEE
453,SEE_D,,,data,1409,SEE
454,SEE_E,,,data,1409,SEE
455,SEE_F,,,data,1409,SEE
456,SEE_G,,,data,1409,SEE
457,SEE_H,,,data,1409,SEE
458,SEE_I,,,data,1409,SEE
459,SEE_J,,,data,1409,SEE
460,SEE_K,,,data,1409,SEE
461,SIT_A,,,data,1416,SIT
462,SIT_B,,,data,1416,SIT
463,SIT_C,,,data,1416,SIT
464,SIT_D,,,data,1416,SIT
465,SIT_E,,,data,1416,SIT
466,SIT_F,,,data,1416,SIT
467,SIT_G,,,data,1416,SIT
468,SIT_H,,,data,1416,SIT
469,SIT_I,,,data,1416,SIT
470,SIT_J,,,data,1416,SIT
471,SIT_K,,,data,1416,SIT
472,SIT_L,,,data,1416,SIT
473,SKINN._A,,,data,2613,SKIN (HUMAN)
474,SKINN._B,,,data,2613,SKIN (HUMAN)
475,SKINN._C,,,data,2613,SKIN (HUMAN)
476,SKINN._D,,,data,2613,SKIN (HUMAN)
477,SKINN._E,,,data,2613,SKIN (HUMAN)
478,SKINN._F,,,data,2613,SKIN (HUMAN)
479,SKINN._G,,,data,2613,SKIN (HUMAN)
480,SLEEPV._A,,,data,1585,SLEEP
481,SLEEPV._B,,,data,1585,SLEEP
482,SLEEPV._C,,,data,1585,SLEEP
483,SLEEPV._D,,,data,1585,SLEEP
484,SLEEPV._E,,,data,1585,SLEEP
485,SLEEPV._F,,,data,1585,SLEEP
486,SLEEPV._G,,,data,1585,SLEEP
487,SLEEPV._H,,,data,1585,SLEEP
488,SLEEPV._I,,,data,1585,SLEEP
489,SLEEPV._J,,,data,1585,SLEEP
490,SLEEPV._K,,,data,1585,SLEEP
491,SLEEPV._L,,,data,1585,SLEEP
492,SLEEPV._M,,,data,1585,SLEEP
493,SLEEPV._N,,,data,1585,SLEEP
494,SMALL_A,,,data,1246,SMALL
495,SMALL_B,,,data,1246,SMALL
496,SMALL_C,,,data,1246,SMALL
497,SMALL_D,,,data,1246,SMALL
498,SMALL_E,,,data,1246,SMALL
499,SMALL_F,,,data,1246,SMALL
500,SMALL_G,,,data,1246,SMALL
501,SMALL_H,,,data,1246,SMALL
502,SMALL_I,,,data,1246,SMALL
503,SMALL_J,,,data,1246,SMALL
504,SMALL_K,,,data,1246,SMALL
505,SMALL_L,,,data,1246,SMALL
506,SMALL_M,,,data,1246,SMALL
507,SMOKEN._A,,,data,778,SMOKE (EXHAUST)
508,SMOKEN._B,,,data,778,SMOKE (EXHAUST)
509,SMOKEN._C,,,data,778,SMOKE (EXHAUST)
510,SMOKEN._D,,,data,778,SMOKE (EXHAUST)
511,SMOKEN._E,,,data,778,SMOKE (EXHAUST)
512,SMOKEN._F,,,data,778,SMOKE (EXHAUST)
513,SMOKEN._G,,,data,778,SMOKE (EXHAUST)
514,SMOKEN._H,,,data,778,SMOKE (EXHAUST)
515,SNAKE_A,,,data,730,SNAKE
516,SNAKE_B,,,data,730,SNAKE
517,SNAKE_C,,,data,730,SNAKE
518,SNAKE_D,,,data,730,SNAKE
519,SNAKE_E,,,data,730,SNAKE
520,SNAKE_F,,,data,730,SNAKE
521,SNAKE_G,,,data,730,SNAKE
522,SNAKE_H,,,data,730,SNAKE
523,SNAKE_I,,,data,730,SNAKE
524,SNAKE_J,,,data,730,SNAKE
525,SNAKE_K,,,data,730,SNAKE
526,STAND_A,,,data,1442,STAND
527,STAND_B,,,data,1442,STAND
528,STAND_C,,,data,1442,STAND
529,STAND_D,,,data,1442,STAND
530,STAND_E,,,data,1442,STAND
531,STAND_F,,,data,1442,STAND
532,STAND_G,,,data,1442,STAND
533,STAND_H,,,data,1442,STAND
534,STAND_I,,,data,1442,STAND
535,STAND_J,,,data,1442,STAND
536,STAND_K,,,data,1442,STAND
537,STAND_L,,,data,1442,STAND
538,STAR_A,,,data,1430,STAR
539,STAR_B,,,data,1430,STAR
540,STAR_C,,,data,1430,STAR
541,STAR_D,,,data,1430,STAR
542,STONE_A,,,data,857,STONE
543,STONE_B,,,data,857,STONE
544,STONE_C,,,data,857,STONE
545,STONE_D,,,data,857,STONE
546,STONE_E,,,data,857,STONE
547,STONE_F,,,data,857,STONE
548,STONE_G,,,data,857,STONE
549,SUN_A,,,data,1343,SUN
550,SUN_B,,,data,1343,SUN
551,SUN_C,,,data,1343,SUN
552,SUN_D,,,data,1343,SUN
553,SUN_E,,,data,1343,SUN
554,SUN_F,,,data,1343,SUN
555,SUN_G,,,data,1343,SUN
556,SWIM_A,,,data,1439,SWIM
557,SWIM_B,,,data,1439,SWIM
558,SWIM_C,,,data,1439,SWIM
559,SWIM_D,,,data,1439,SWIM
560,SWIM_E,,,data,1439,SWIM
561,SWIM_F,,,data,1439,SWIM
562,SWIM_G,,,data,1439,SWIM
563,SWIM_H,,,data,1439,SWIM
564,SWIM_I,,,data,1439,SWIM
565,SWIM_J,,,data,1439,SWIM
566,TAIL_A,,,data,1220,TAIL
567,TAIL_B,,,data,1220,TAIL
568,TAIL_C,,,data,1220,TAIL
569,TAIL_D,,,data,1220,TAIL
570,TAIL_E,,,data,1220,TAIL
571,THIN_A,,,data,2308,THIN
572,THIN_B,,,data,2308,THIN
573,THIN_C,,,data,2308,THIN
574,THIN_D,,,data,2308,THIN
575,THIN_E,,,data,2308,THIN
576,THIN_F,,,data,2308,THIN
577,THIS_A,,,data,1214,THIS
578,THIS_B,,,data,1214,THIS
579,THIS_C,,,data,1214,THIS
580,THIS_D,,,data,1214,THIS
581,THIS_E,,,data,1214,THIS
582,THIS_F,,,data,1214,THIS
583,THOU_A,,,data,1215,THOU
584,THOU_B,,,data,1215,THOU
585,THOU_C,,,data,1215,THOU
586,THOU_D,,,data,1215,THOU
587,THOU_E,,,data,1215,THOU
588,THOU_F,,,data,1215,THOU
589,THREE_A,,,data,492,THREE
590,THREE_B,,,data,492,THREE
591,TONGUE_A,,,data,1205,TONGUE
592,TONGUE_B,,,data,1205,TONGUE
593,TOOTH_A,,,data,1380,TOOTH
594,TOOTH_B,,,data,1380,TOOTH
595,TOOTH_C,,,data,1380,TOOTH
596,TOOTH_D,,,data,1380,TOOTH
597,TOOTH_E,,,data,1380,TOOTH
598,TOOTH_F,,,data,1380,TOOTH
599,TOOTH_G,,,data,1380,TOOTH
600,TREE_A,,,data,906,TREE
601,TREE_B,,,data,906,TREE
602,TREE_C,,,data,906,TREE
603,TREE_D,,,data,906,TREE
604,TREE_E,,,data,906,TREE
605,TREE_F,,,data,906,TREE
606,TREE_G,,,data,906,TREE
607,TREE_H,,,data,906,TREE
608,TREE_I,,,data,906,TREE
609,TREE_J,,,data,906,TREE
610,TWO_A,,,data,1498,TWO
611,TWO_B,,,data,1498,TWO
612,TWO_C,,,data,1498,TWO
613,TWO_D,,,data,1498,TWO
614,WARM_A,,,data,1232,WARM
615,WARM_B,,,data,1232,WARM
616,WARM_C,,,data,1232,WARM
617,WARM_D,,,data,1232,WARM
618,WARM_E,,,data,1232,WARM
619,WARM_F,,,data,1232,WARM
620,WARM_H,,,data,1232,WARM
621,WARM_I,,,data,1232,WARM
622,WATER_A,,,data,948,WATER
623,WATER_B,,,data,948,WATER
624,WATER_C,,,data,948,WATER
625,WET_A,,,data,1726,WET
626,WET_B,,,data,1726,WET
627,WET_C,,,data,1726,WET
628,WET_D,,,data,1726,WET
629,WET_E,,,data,1726,WET
630,WET_F,,,data,1726,WET
631,WET_G,,,data,1726,WET
632,WET_H,,,data,1726,WET
633,WE_A,,,data,1212,WE
634,WHAT_A,,,data,1236,WHAT
635,WHAT_B,,,data,1236,WHAT
636,WHAT_C,,,data,1236,WHAT
637,WHAT_D,,,data,1236,WHAT
638,WHAT_E,,,data,1236,WHAT
639,WHAT_F,,,data,1236,WHAT
640,WHAT_G,,,data,1236,WHAT
641,WHITE_A,,,data,1335,WHITE
642,WHITE_B,,,data,1335,WHITE
643,WHITE_C,,,data,1335,WHITE
644,WHITE_D,,,data,1335,WHITE
645,WHITE_E,,,data,1335,WHITE
646,WHITE_F,,,data,1335,WHITE
647,WHITE_G,,,data,1335,WHITE
648,WHITE_H,,,data,1335,WHITE
649,WHITE_I,,,data,1335,WHITE
650,WHITE_J,,,data,1335,WHITE
651,WHO_A,,,data,1235,WHO
652,WHO_B,,,data,1235,WHO
653,WHO_C,,,data,1235,WHO
654,WHO_D,,,data,1235,WHO
655,WHO_E,,,data,1235,WHO
656,WOMAN_A,,,data,962,WOMAN
657,WOMAN_B,,,data,962,WOMAN
658,WOMAN_C,,,data,962,WOMAN
659,WOMAN_D,,,data,962,WOMAN
660,WOMAN_E,,,data,962,WOMAN
661,WOMAN_F,,,data,962,WOMAN
662,WOMAN_G,,,data,962,WOMAN
663,WOMAN_H,,,data,962,WOMAN
664,WOMAN_I,,,data,962,WOMAN
665,WOMAN_J,,,data,962,WOMAN
666,WOMAN_K,,,data,962,WOMAN
667,WOMAN_L,,,data,962,WOMAN
668,WOMAN_M,,,data,962,WOMAN
669,YE_A,,,data,1213,YOU
670,YE_B,,,data,1213,YOU
671,YE_C,,,data,1213,YOU
672,YE_D,,,data,1213,YOU
673,YE_E,,,data,1213,YOU
